
{
  "builds": [
    {
      "path": "https://github.com/vyperlang/vyper/releases/download/v0.4.3/vyper.0.4.3%2Bcommit.bff19ea2.linux",
      "version": "0.4.3",
      "build": "commit.bff19ea2",
      "longVersion": "0.4.3+commit.bff19ea2",
      "md5": "3384b1f5ae4db9c4684a127c61cb35a5",
      "sha256": "c986ec370f18d20ee8f8607b25c504c2795d73211662a05c3a1114a6320db0db"
    },
    {
      "path": "https://github.com/vyperlang/vyper/releases/download/v0.4.3rc1/vyper.0.4.3rc1%2Bcommit.a35bfd5e.linux",
      "version": "0.4.3",
      "prerelease": "rc1",
      "build": "commit.a35bfd5e",
      "longVersion": "0.4.3-rc1+commit.a35bfd5e",
      "md5": "8ebb30c8816c2e6e4c4187ff0dd527a6",
      "sha256": "70e79ce24340417d3ca0e1836e479832666bced48b3abd19513a107c95c4cf03"
    },
    {
      "path": "https://github.com/vyperlang/vyper/releases/download/v0.4.2/vyper.0.4.2%2Bcommit.c216787f.linux",
      "version": "0.4.2",
      "build": "commit.c216787f",
      "longVersion": "0.4.2+commit.c216787f",
      "md5": "bb988789a08072bf5de0498e829d773a",
      "sha256": "7cc4214671dc78db8a3962f103bead22dd76b55ee370d6d333122e7f3368f4fa"
    },
    {
      "path": "https://github.com/vyperlang/vyper/releases/download/v0.4.2rc1/vyper.0.4.2rc1%2Bcommit.11522b83.linux",
      "version": "0.4.2",
      "prerelease": "rc1",
      "build": "commit.11522b83",
      "longVersion": "0.4.2-rc1+commit.11522b83",
      "md5": "9a2d3368f8adb1864fe7c9890f8cafa8",
      "sha256": "e27acde9ff03b34b1cbdfff014885ca591b4a34437d2809a3215376f4ef9724b"
    },
    {
      "path": "https://github.com/vyperlang/vyper/releases/download/v0.4.1/vyper.0.4.1%2Bcommit.8a93dd27.linux",
      "version": "0.4.1",
      "build": "commit.8a93dd27",
      "longVersion": "0.4.1+commit.8a93dd27",
      "md5": "e8fc3717835b2226a398b296e8bf0e6f",
      "sha256": "34453e1132163c44482112e95c4e1558a633e2d16c2a7d2361ac32e42de1d4e6"
    },
    {
      "path": "https://github.com/vyperlang/vyper/releases/download/v0.4.1rc3/vyper.0.4.1rc3%2Bcommit.1339177d.linux",
      "version": "0.4.1",
      "prerelease": "rc3",
      "build": "commit.1339177d",
      "longVersion": "0.4.1-rc3+commit.1339177d",
      "md5": "4fedf61a3d4ea1f45df84f198cc085c0",
      "sha256": "2f91c1b289f0b84b72ad48b216a29e2b25c83dc4384c4a3e2e5bb26f3502f2c8"
    },
    {
      "path": "https://github.com/vyperlang/vyper/releases/download/v0.4.1rc2/vyper.0.4.1rc2%2Bcommit.305813c9.linux",
      "version": "0.4.1",
      "prerelease": "rc2",
      "build": "commit.305813c9",
      "longVersion": "0.4.1-rc2+commit.305813c9",
      "md5": "86d1264da1cf86c9e23946e50ad7eb8c",
      "sha256": "a0fbb81805751a2621f912edf880825af2da8b1658e73f100471cdaeddde5bda"
    },
    {
      "path": "https://github.com/vyperlang/vyper/releases/download/v0.4.1rc1/vyper.0.4.1rc1%2Bcommit.4d693b72.linux",
      "version": "0.4.1",
      "prerelease": "rc1",
      "build": "commit.4d693b72",
      "longVersion": "0.4.1-rc1+commit.4d693b72",
      "md5": "b451ca44ff96ddcb4f7d31035af52ed4",
      "sha256": "133cc014a84abfb33c4a4167400bc1bab5dfc105de6426aa356ede81b7bff6e9"
    },
    {
      "path": "https://github.com/vyperlang/vyper/releases/download/v0.4.1b4/vyper.0.4.1b4%2Bcommit.4507d2a6.linux",
      "version": "0.4.1",
      "prerelease": "b4",
      "build": "commit.4507d2a6",
      "longVersion": "0.4.1-b4+commit.4507d2a6",
      "md5": "f1132fffb0ae4467931155b4f353b678",
      "sha256": "16ce65cab1ac8610dc24059831f88f6e67b60ffbeadf3dd0c759d696319bb4fa"
    },
    {
      "path": "https://github.com/vyperlang/vyper/releases/download/v0.4.1b3/vyper.0.4.1b3%2Bcommit.537313b0.linux",
      "version": "0.4.1",
      "prerelease": "b3",
      "build": "commit.537313b0",
      "longVersion": "0.4.1-b3+commit.537313b0",
      "md5": "4c32d232ee0c288a7a053c49b906116a",
      "sha256": "d3620c37efb17f0bbff9898ea181716e6f3731f77ee679337ba124b38d3984f1"
    },
    {
      "path": "https://github.com/vyperlang/vyper/releases/download/v0.4.1b2/vyper.0.4.1b2%2Bcommit.f249c936.linux",
      "version": "0.4.1",
      "prerelease": "b2",
      "build": "commit.f249c936",
      "longVersion": "0.4.1-b2+commit.f249c936",
      "md5": "9e41e73cd9d8723cb4350dbd34a476f6",
      "sha256": "22424d1e8a7494e8af717a08ff01baed0f4298dc73d092d1a98681e73cb62fb8"
    },
    {
      "path": "https://github.com/vyperlang/vyper/releases/download/v0.4.1b1/vyper.0.4.1b1%2Bcommit.039d3692.linux",
      "version": "0.4.1",
      "prerelease": "b1",
      "build": "commit.039d3692",
      "longVersion": "0.4.1-b1+commit.039d3692",
      "md5": "c06f2c5a973a66560d3dc2cc7d247de8",
      "sha256": "606970ac97fde7072593c33f4b75ca348754f4e962769432931f49fd6d174a26"
    },
    {
      "path": "https://github.com/vyperlang/vyper/releases/download/v0.4.0/vyper.0.4.0%2Bcommit.e9db8d9f.linux",
      "version": "0.4.0",
      "build": "commit.e9db8d9f",
      "longVersion": "0.4.0+commit.e9db8d9f",
      "md5": "19c8414e61c13398b9469d3054e769ac",
      "sha256": "dab657bd826f1db92e54eb92d87f5efc8808fce40805dfe4cfbf416958fae019"
    },
    {
      "path": "https://github.com/vyperlang/vyper/releases/download/v0.4.0rc6/vyper.0.4.0rc6%2Bcommit.33719560.linux",
      "version": "0.4.0",
      "prerelease": "rc6",
      "build": "commit.33719560",
      "longVersion": "0.4.0-rc6+commit.33719560",
      "md5": "372e2815a0829ae56bf0bbca934217c6",
      "sha256": "e7692d2b8df813e8fcabe343f61790d376d35e885943db594630d5488b94a573"
    },
    {
      "path": "https://github.com/vyperlang/vyper/releases/download/v0.4.0rc5/vyper.0.4.0rc5%2Bcommit.98370f50.linux",
      "version": "0.4.0",
      "prerelease": "rc5",
      "build": "commit.98370f50",
      "longVersion": "0.4.0-rc5+commit.98370f50",
      "md5": "353b449e90547e0746a91e2aeb6a9e14",
      "sha256": "d4922c00c60a2caaf839fb446670d640774dca24cba1ad0d1df4c81e2ed76d7e"
    },
    {
      "path": "https://github.com/vyperlang/vyper/releases/download/v0.4.0rc4/vyper.0.4.0rc4%2Bcommit.41a3e084.linux",
      "version": "0.4.0",
      "prerelease": "rc4",
      "build": "commit.41a3e084",
      "longVersion": "0.4.0-rc4+commit.41a3e084",
      "md5": "465500dcbe1c1563a7b80e3068d1585e",
      "sha256": "d38ec5843d75d6ccb2c8499e8675e2fca8df03ff8e7fdd5e402fe640c48e5287"
    },
    {
      "path": "https://github.com/vyperlang/vyper/releases/download/v0.4.0rc3/vyper.0.4.0rc3%2Bcommit.f2136550.linux",
      "version": "0.4.0",
      "prerelease": "rc3",
      "build": "commit.f2136550",
      "longVersion": "0.4.0-rc3+commit.f2136550",
      "md5": "8c3b2f42418f9594f93f06df02c9984e",
      "sha256": "a9fe8dbc03c3170dd7fdf65a654548e862fd9a9c1c800a5c71a18c48c4b2f0f6"
    },
    {
      "path": "https://github.com/vyperlang/vyper/releases/download/v0.4.0rc2/vyper.0.4.0rc2%2Bcommit.6f09e296.linux",
      "version": "0.4.0",
      "prerelease": "rc2",
      "build": "commit.6f09e296",
      "longVersion": "0.4.0-rc2+commit.6f09e296",
      "md5": "d83199ee8eb7ecbdd8b61ab094261b0b",
      "sha256": "da3eb34a5eaa6f51a5e60f894acd0a81b54309dd3734c1def98eaa9921e70813"
    },
    {
      "path": "https://github.com/vyperlang/vyper/releases/download/v0.4.0rc1/vyper.0.4.0rc1%2Bcommit.44a593a0.linux",
      "version": "0.4.0",
      "prerelease": "rc1",
      "build": "commit.44a593a0",
      "longVersion": "0.4.0-rc1+commit.44a593a0",
      "md5": "7cb383be6be2005d01e29e5afe779f9a",
      "sha256": "d26a9faea6da16b41c067e57df28e7c59fd082b3b82262e624631d5750c025ea"
    },
    {
      "path": "https://github.com/vyperlang/vyper/releases/download/v0.4.0b6/vyper.0.4.0b6%2Bcommit.7485ceab.linux",
      "version": "0.4.0",
      "prerelease": "b6",
      "build": "commit.7485ceab",
      "longVersion": "0.4.0-b6+commit.7485ceab",
      "md5": "ca65156d0b8107efd890901847a5fe43",
      "sha256": "d292f9ff4d13ce9b1cc69ccf0f02614482263ef48bb8d4099738f3d24602b462"
    },
    {
      "path": "https://github.com/vyperlang/vyper/releases/download/v0.4.0b5/vyper.0.4.0b5%2Bcommit.a9ee6414.linux",
      "version": "0.4.0",
      "prerelease": "b5",
      "build": "commit.a9ee6414",
      "longVersion": "0.4.0-b5+commit.a9ee6414",
      "md5": "f754e961922cccb2543221e366a24d33",
      "sha256": "9acd5ab41b6c71637b1405f426e07a9d4c6645a24c9448950d5bcafbb872a962"
    },
    {
      "path": "https://github.com/vyperlang/vyper/releases/download/v0.4.0b4/vyper.0.4.0b4%2Bcommit.541b2e75.linux",
      "version": "0.4.0",
      "prerelease": "b4",
      "build": "commit.541b2e75",
      "longVersion": "0.4.0-b4+commit.541b2e75",
      "md5": "7529005d3eea8c4abc3c19a7426c667f",
      "sha256": "db93f6ea14868e7bb640f3694f994c8c9fd9c046812a07c8d369ff8dc7571c8d"
    },
    {
      "path": "https://github.com/vyperlang/vyper/releases/download/v0.4.0b1/vyper.0.4.0b1%2Bcommit.6fb750af.linux",
      "version": "0.4.0",
      "prerelease": "b1",
      "build": "commit.6fb750af",
      "longVersion": "0.4.0-b1+commit.6fb750af",
      "md5": "b18cbb53a3cd5fad2c645e8c8eb900d4",
      "sha256": "b61a49bb71cecbd03071db3e10a9dda9b136c206fa6f3dad809a67a1781b333a"
    },
    {
      "path": "https://github.com/vyperlang/vyper/releases/download/v0.3.10/vyper.0.3.10%2Bcommit.91361694.linux",
      "version": "0.3.10",
      "build": "commit.91361694",
      "longVersion": "0.3.10+commit.91361694",
      "md5": "f9bb4073fc6f82e14456e59c6742b8e5",
      "sha256": "df50fe2d8f5c305abbefb589bcea14019dd3f1012ed1baa717035167a6ddc1c5"
    },
    {
      "path": "https://github.com/vyperlang/vyper/releases/download/v0.3.10rc5/vyper.0.3.10rc5%2Bcommit.42817806.linux",
      "version": "0.3.10",
      "prerelease": "rc5",
      "build": "commit.42817806",
      "longVersion": "0.3.10-rc5+commit.42817806",
      "md5": "ce6d7f91b8f129bb34a477c1665bad49",
      "sha256": "d22714e3be63a357da4851d8c8bcaffa658b8884af3073e29fd24812e3a2f224"
    },
    {
      "path": "https://github.com/vyperlang/vyper/releases/download/v0.3.10rc4/vyper.0.3.10rc4%2Bcommit.2bdbd846.linux",
      "version": "0.3.10",
      "prerelease": "rc4",
      "build": "commit.2bdbd846",
      "longVersion": "0.3.10-rc4+commit.2bdbd846",
      "md5": "24c0c138e8258e0e8f082a857b8947f7",
      "sha256": "08c2e53e5510df3ef1e820a6e428cfe8ee3ba31ca0a738907c4b4db0b8e5dfb5"
    },
    {
      "path": "https://github.com/vyperlang/vyper/releases/download/v0.3.10rc3/vyper.0.3.10rc3%2Bcommit.3b310d52.linux",
      "version": "0.3.10",
      "prerelease": "rc3",
      "build": "commit.3b310d52",
      "longVersion": "0.3.10-rc3+commit.3b310d52",
      "md5": "ba68a9f50cdd7fd73768a5c99176fd60",
      "sha256": "ae2f90f5d343ba1fc8087118626f60385a70a31b790ea2b1f138b95bb6925eaa"
    },
    {
      "path": "https://github.com/vyperlang/vyper/releases/download/v0.3.10rc2/vyper.0.3.10rc2%2Bcommit.0cb37e3e.linux",
      "version": "0.3.10",
      "prerelease": "rc2",
      "build": "commit.0cb37e3e",
      "longVersion": "0.3.10-rc2+commit.0cb37e3e",
      "md5": "49481b7e7e8f53d2b497a21f90b0042d",
      "sha256": "825f450781355b024478fc5e0719604d590566d88b8f75e4fd48669f5493e7a2"
    },
    {
      "path": "https://github.com/vyperlang/vyper/releases/download/v0.3.9/vyper.0.3.9%2Bcommit.66b96705.linux",
      "version": "0.3.9",
      "build": "commit.66b96705",
      "longVersion": "0.3.9+commit.66b96705",
      "md5": "a90dd1c95ce320a59df5322ffe61a2ba",
      "sha256": "72470456d4e387950e58a3f5af97482c76cfe8753e5f7df63a50b3a9712e4fc8"
    },
    {
      "path": "https://github.com/vyperlang/vyper/releases/download/v0.3.8/vyper.0.3.8%2Bcommit.036f1536.linux",
      "version": "0.3.8",
      "build": "commit.036f1536",
      "longVersion": "0.3.8+commit.036f1536",
      "md5": "bc08a583187f315e83244506f44787c2",
      "sha256": "3413920cbb8f01149eb276aebc988b4eead3b1e821aaba467716dc0d9e3366b5"
    },
    {
      "path": "https://github.com/vyperlang/vyper/releases/download/v0.3.7/vyper.0.3.7%2Bcommit.6020b8bb.linux",
      "version": "0.3.7",
      "build": "commit.6020b8bb",
      "longVersion": "0.3.7+commit.6020b8bb",
      "md5": "f1740d971118e0083560699e440b8736",
      "sha256": "00fe707d385952d66c2eefd61fc4c69c293a1496a1618b463244dd985dc12540"
    },
    {
      "path": "https://github.com/vyperlang/vyper/releases/download/v0.3.6/vyper.0.3.6%2Bcommit.4a2124d0.linux",
      "version": "0.3.6",
      "build": "commit.4a2124d0",
      "longVersion": "0.3.6+commit.4a2124d0",
      "md5": "c03aeefc81b133b69770769955975b36",
      "sha256": "c7086c7995d52a53bbc8c7dfdb45390f714c07332bf6bb321b488983f4a6cc67"
    },
    {
      "path": "https://github.com/vyperlang/vyper/releases/download/v0.3.4/vyper.0.3.4%2Bcommit.f31f0ec4.linux",
      "version": "0.3.4",
      "build": "commit.f31f0ec4",
      "longVersion": "0.3.4+commit.f31f0ec4",
      "md5": "2ff8d99b0d019ece264ba05a7f06c3de",
      "sha256": "9821a075a87b9da70fec082d9c209c6dae37066338c3f4fb5cc4965cde870bfa"
    },
    {
      "path": "https://github.com/vyperlang/vyper/releases/download/v0.3.3/vyper.0.3.3%2Bcommit.48e326f0.linux",
      "version": "0.3.3",
      "build": "commit.48e326f0",
      "longVersion": "0.3.3+commit.48e326f0",
      "md5": "f66d956ae4f254afe12def949cb10a4c",
      "sha256": "0529bd9ee5ad692774085219ba71ccc147a6bb397b3769f50321250502f347bb"
    },
    {
      "path": "https://github.com/vyperlang/vyper/releases/download/v0.3.2/vyper.0.3.2%2Bcommit.3b6a4117.linux",
      "version": "0.3.2",
      "build": "commit.3b6a4117",
      "longVersion": "0.3.2+commit.3b6a4117",
      "md5": "3696f885bb66d165be79e165903f9944",
      "sha256": "7101527cc0976468a07087e98438e88e372c02002a5b8c8c6c411517176c2592"
    },
    {
      "path": "https://github.com/vyperlang/vyper/releases/download/v0.3.1/vyper.0.3.1.linux",
      "version": "0.3.1",
      "build": "commit.0463ea4c",
      "longVersion": "0.3.1+commit.0463ea4c",
      "md5": "832c5a7753632abf2fe98881bdc0507a",
      "sha256": "80e272d9266be85ba6fe4bdcf0705292069b1b2bd29133e807e98f061909858c"
    },
    {
      "path": "https://github.com/vyperlang/vyper/releases/download/v0.3.0/vyper.0.3.0%2Bcommit.8a23feb.linux",
      "version": "0.3.0",
      "build": "commit.8a23febb",
      "longVersion": "0.3.0+commit.8a23febb",
      "md5": "985222557c27c6dbfd8fa4ca084e7a1e",
      "sha256": "9a511ee7fa01a8b8f4cbee4be5efc793592b8b4060b14115e33769ddedfd38a6"
    },
    {
      "path": "https://github.com/vyperlang/vyper/releases/download/v0.2.16/vyper.0.2.16%2Bcommit.59e1bdd.linux",
      "version": "0.2.16",
      "build": "commit.59e1bdd9",
      "longVersion": "0.2.16+commit.59e1bdd9",
      "md5": "d04b51525e79af01d6ad097f7245f5c8",
      "sha256": "111340f714f537eb0ec4fc05335caf00e2e3ca4f354784bc6c7fb97d5678a529"
    },
    {
      "path": "https://github.com/vyperlang/vyper/releases/download/v0.2.15/vyper.0.2.15%2Bcommit.6e7dba7.linux",
      "version": "0.2.15",
      "build": "commit.6e7dba7a",
      "longVersion": "0.2.15+commit.6e7dba7a",
      "md5": "db0517ccdcc418f1feac69ffe40ebe8c",
      "sha256": "d115253c05e5f629ef8ba2a781fcd60f3dbfb994863c1ffc6e6c00b03c81fdb2"
    },
    {
      "path": "https://github.com/vyperlang/vyper/releases/download/v0.2.12/vyper.0.2.12%2Bcommit.2c6842c.linux",
      "version": "0.2.12",
      "build": "commit.2c6842cd",
      "longVersion": "0.2.12+commit.2c6842cd",
      "md5": "008acf4c415570ee8d68cc90e187f040",
      "sha256": "ee5b828e65546b43907cb3ddb0a1e12b9a146f8fc921825f12a3deea5c2da643"
    },
    {
      "path": "https://github.com/vyperlang/vyper/releases/download/v0.2.11/vyper.0.2.11%2Bcommit.5db35ef.linux",
      "version": "0.2.11",
      "build": "commit.5db35ef4",
      "longVersion": "0.2.11+commit.5db35ef4",
      "md5": "206337aaca2276609cdc3cbf17939e41",
      "sha256": "ac10f8a7d5a02b0ad67e70a52a66f5532647e763cb2255bf466b772a09cc1a70"
    },
    {
      "path": "https://github.com/vyperlang/vyper/releases/download/v0.2.8/vyper.0.2.8%2Bcommit.069936f.linux",
      "version": "0.2.8",
      "build": "commit.069936fa",
      "longVersion": "0.2.8+commit.069936fa",
      "md5": "d21d837842cd11dfb12d7f4644a4bfec",
      "sha256": "c6d5644546d8712bf11579812e680a99fb181c767d75e30371ad46ec3d8e7994"
    },
    {
      "path": "https://github.com/vyperlang/vyper/releases/download/v0.2.7/vyper.0.2.7%2Bcommit.0b3f3b3.linux",
      "version": "0.2.7",
      "build": "commit.0b3f3b32",
      "longVersion": "0.2.7+commit.0b3f3b32",
      "md5": "4801769a34ed0847f6c6dc99c61add01",
      "sha256": "dfd121138238b2efa698d5747f72beb2f02e43767b844ab2a6b311d121efc16c"
    },
    {
      "path": "https://github.com/vyperlang/vyper/releases/download/v0.2.6/vyper.0.2.6%2Bcommit.35467d5.linux",
      "version": "0.2.6",
      "build": "commit.35467d57",
      "longVersion": "0.2.6+commit.35467d57",
      "md5": "af6195087fac4aeee65c5c421d97a27f",
      "sha256": "a21b0bf59bc7f53ebc6f33ce3bdddb79cf2cef534245dcd1e9a2797ad15750da"
    },
    {
      "path": "https://github.com/vyperlang/vyper/releases/download/v0.2.5/vyper.0.2.5%2Bcommit.a0c561c.linux",
      "version": "0.2.5",
      "build": "commit.a0c561cb",
      "longVersion": "0.2.5+commit.a0c561cb",
      "md5": "0f59b22d26b3d822377da945adf50c20",
      "sha256": "1a202f239f332a6f88db6127082e4316d813c257040df90a78436afb5b586d08"
    },
    {
      "path": "https://github.com/vyperlang/vyper/releases/download/v0.2.4/vyper.0.2.4%2Bcommit.7949850.linux",
      "version": "0.2.4",
      "build": "commit.7949850c",
      "longVersion": "0.2.4+commit.7949850c",
      "md5": "db2a7ecdce6a0cd3386276b611604302",
      "sha256": "e7cbe92d6a1734bcd489051812d80c3fbcd14cd1df8638b781af0e5251036f12"
    },
    {
      "path": "https://github.com/vyperlang/vyper/releases/download/v0.2.3/vyper.0.2.3%2Bcommit.006968f.linux",
      "version": "0.2.3",
      "build": "commit.006968f0",
      "longVersion": "0.2.3+commit.006968f0",
      "md5": "afddc7918486af67491ae60c39eb612e",
      "sha256": "a27ed62a4ac03213d6b918fdf967c86bb70d3738d7bb05d20d7604e6512e2f07"
    },
    {
      "path": "https://github.com/vyperlang/vyper/releases/download/v0.2.2/vyper.0.2.2%2Bcommit.337c2ef.linux",
      "version": "0.2.2",
      "build": "commit.337c2efc",
      "longVersion": "0.2.2+commit.337c2efc",
      "md5": "8512b5ba7794e22a8a53588a9f81a5e1",
      "sha256": "d23c62a42eece51cba68b1423b201a98b866a457385bd9535d83cac24751c812"
    },
    {
      "path": "https://github.com/vyperlang/vyper/releases/download/v0.2.1/vyper.0.2.1%2Bcommit.cac3d7d.linux",
      "version": "0.2.1",
      "build": "commit.cac3d7d9",
      "longVersion": "0.2.1+commit.cac3d7d9",
      "md5": "55d9c1bff47a82a188ab2c49157a5b5e",
      "sha256": "0eeda7afebbfd8c8bddd4126dfcfb92f7b4505196a0220ef624a3f90789ac290"
    },
    {
      "path": "https://github.com/vyperlang/vyper/releases/download/v0.2.0/vyper.0.2.0%2Bcommit.d2c0c87.linux",
      "version": "0.2.0",
      "build": "commit.d2c0c87a",
      "longVersion": "0.2.0+commit.d2c0c87a",
      "md5": "51473a10d484f51127c9c712885af11e",
      "sha256": "4e5670abcc6dd67737e7f92b1188d9b993746bc07fdce8f8bafffb011a1ef316"
    },
    {
      "path": "https://github.com/vyperlang/vyper/releases/download/v0.1.0-beta.17/vyper.0.1.0-beta.17%2Bcommit.0671b7b.linux",
      "version": "0.1.0",
      "prerelease": "beta.17",
      "build": "commit.0671b7bb",
      "longVersion": "0.1.0-beta.17+commit.0671b7bb",
      "md5": "ff041863842b4731405da3bf88d31c1b",
      "sha256": "c472df425cb1fa5885ba96e20ae885d0fdb459cc85e306a8bd2849ee0684f2bc"
    },
    {
      "path": "https://github.com/vyperlang/vyper/releases/download/v0.1.0-beta.16/vyper.0.1.0-beta.16%2Bcommit.5e4a94a.linux",
      "version": "0.1.0",
      "prerelease": "beta.16",
      "build": "commit.5e4a94ad",
      "longVersion": "0.1.0-beta.16+commit.5e4a94ad",
      "md5": "cb30ce1c50267113ee1d1f823ed74ef6",
      "sha256": "eb90aca57b7b956f2dd1c38ee4bfa6875baab5e32d65727b5471926f48a394aa"
    }
  ]
}
