[
  {
    "title": "Turkchain",
    "url": "https://explorer.turkchain1919.com/",
    "group": "Mainnets",
    "icon": "https://raw.githubusercontent.com/Turkchain1919/Frontend/main/svg/Turk.svg"
  },
  {
    "title": "Ethereum",
    "url": "https://etherscan.io/",
    "group": "Mainnets",
    "icon": "https://raw.githubusercontent.com/Turkchain1919/Frontend/main/svg/ethereum.svg"
  },
  {
    "title": "Tron Scan",
    "url": "https://tronscan.org/",
    "group": "Mainnets",
    "icon": "https://raw.githubusercontent.com/Turkchain1919/Frontend/main/svg/tron.svg"
  },
  {
    "title": "Polygon",
    "url": "https://polygonscan.com/",
    "group": "Mainnets",
    "icon": "https://raw.githubusercontent.com/Turkchain1919/Frontend/main/svg/polygon.svg"
  }
]
