{
  "name": "TurkChain Token",
  "logoURI": "https://raw.githubusercontent.com/Turkchain1919/Frontend/main/svg/Turk.svg",
  "timestamp": "2025-12-06T00:00:00+00:00",
  "tokens": [
    {
      "chainId": 1919,
      "address": "0x0DCB8cc7f0A460f175415c24DB6e7F008A2ed3D5",
      "name": "Turk",
      "symbol": "TC",
      "decimals": 18,
      "logoURI": "https://raw.githubusercontent.com/Turkchain1919/Frontend/main/svg/Turk.svg",
      "tags": ["official", "native-token"],
      "description": "Turk (TC) is the official native currency of the TurkChain blockchain ecosystem.",
      "website": "https://www.turkchain1919.com",
      "email": "info@turkchain1919.com",
      "socials": {
        "discord": "https://discord.com/invite/zcr37g2H",
        "telegram": "https://t.me/Turkchain1919",
        "github": "https://github.com/Turkchain1919",
        "blog": "https://turkchain1919.substack.com/",
        "reddit": "https://www.reddit.com/u/Turkchain1919/",
        "linkedin": "https://www.linkedin.com/in/Turkchain1919/"
      }
    }
  ]
}
